"index","bag_name","bag_start_utc","bag_end_utc","duration_s","dji_folder","dji_clip","clip_lead_time_s","note","","","","","","","","","","",""
"1","trial_static_p_1","13h22m24.84s","13h24m53.54s","148.7","1","1","0.2","","","","","","","","","","","",""
"2","trial_headon_p_1","13h29m58.90s","13h30m50.28s","51.4","1","2","67.9","Interessante mas acho que o drift inicial é de estar desligado","","","","","","","","","","",""
"3","trial_headon_p_2","13h32m34.08s","13h33m32.77s","58.7","1","3","52.1","Nautilus nao aparece no inicio","","","","","","","","","","",""
"4","trial_headon_p_3","13h35m20.82s","13h35m51.60s","30.8","1","4","52.8","Nunca liguei","","","","","","","","","","",""
"5","trial_headon_p_4","13h37m01.02s","13h38m07.60s","66.6","1","5","68","Interessante mas acho que o drift inicial é de estar desligado","","","","","","","","","","",""
"6","trial_headon_p_5","13h39m22.14s","13h40m07.14s","45","1","6","54.1","Interessante com velocidade nao linear do nautilus","","","","","","","","","","",""
"7","trial_stabord_p_1","13h45m59.74s","13h47m08.46s","68.7","2","1","56.7","Abranda mas o alex é nabo e deu zoom","","","","","","","","","","",""
"8","trial_stabord_p_2","13h48m27.14s","13h49m58.76s","91.6","2","2","51.1","O que abortamos porque a lili acha que passa","","","","","","","","","","",""
"9","trial_stabord_p_3","13h50m51.26s","13h51m07.89s","16.6","2","3","52.3","Abortamors que comecei demasiado tarde","","","","","","","","","","",""
"10","trial_stabord_p_4","13h53m44.00s","13h54m28.80s","44.8","2","4","48","Muito fixe","","","","","","","","","","",""
"11","trial_stabord_p_5","13h56m06.59s","13h56m51.70s","45.1","2","5","50.6","near crash ","","","","","","","","","","",""
"12","trial_stabord_p_6","13h58m53.28s","14h00m19.74s","86.5","2","5","217.3","near crash","","","","","","","","","","",""
"13","trial_stabord_p_8","14h02m14.50s","14h02m31.30s","16.8","2","6","52.5","Reiniciamos","","","","","","","","","","",""
"14","trial_stabord_p_9","14h03m13.40s","14h04m52.39s","99","2","7","20.4","Kidnap e depois passa; Vai em direção à colisão. Analisar","","","","","","","","","","",""
"15","trial_stabord_p_10","14h06m37.26s","14h07m30.50s","53.2","2","8","48.3","Tentar passar primeiro, e depois deixa pasasr ","","","","","","","","","","",""
"16","deploy_p_1","14h42m16.28s","14h44m50.12s","153.8","4","1","53.3","","","","","","","","","","","",""
"17","deploy_p_2","14h45m14.12s","14h47m04.18s","110.1","4","2","49.1","","","","","","","","","","","",""
"18","deploy_p_3","14h48m23.97s","14h51m38.42s","194.5","4","3","34","","","","","","","","","","","",""
"19","deploy_p_4","14h51m47.06s","14h54m08.48s","141.4","4","4","18.1","","","","","","","","","","","",""
"20","deploy_p_5","14h55m09.28s","14h58m19.58s","190.3","4","5","52.3","","","","","","","","","","","",""
"21","deploy_p_6","14h58m33.57s","14h59m27.87s","54.3","4","6","42.6","","","","","","","","","","","",""
"22","deploy_rl_1","15h05m17.67s","15h06m13.41s","55.7","4","7","54.7","","","","","","","","","","","",""
"","","","","","","","","","","","","","","","","","","",""
"","","","","","","","","","","","","","","","","","","",""
"","","","","","","","","","","","","","","","","","","",""
"Static:","","","","","","","","","","","","","","","","","","",""
"1","trial_static_p_1","13h22m24.84s","13h24m53.54s","148.7","1","1","0.2","","","","","","","","","","","",""
"Head on","","","","","","","","","","","","","","","","","","",""
"2","trial_headon_p_1","13h29m58.90s","13h30m50.28s","51.4","1","2","67.9","Interessante mas acho que o drift inicial é de estar desligado","","","","","","","","","","",""
"6","trial_headon_p_5","13h39m22.14s","13h40m07.14s","45","1","6","54.1","Interessante com velocidade nao linear do nautilus","","","","","","","","","","",""
"Stabord Cross","","","","","","","","","","","","","","","","","","",""
"10","trial_stabord_p_4","13h53m44.00s","13h54m28.80s","44.8","2","4","48","Muito fixe","","","","","","","","","","",""
"","","","","","","","","","","","","","","","","","","",""
"Almost Parallel","","","","","","","","","","","","","","","","","","",""
"15","trial_stabord_p_10","14h06m37.26s","14h07m30.50s","53.2","2","8","48.3","Tentar passar primeiro, e depois deixa pasasr ","","","","","","","","","","",""
"","","","","","","","","","","","","","","","","","","",""
"","","","","","","","","","","","","","","","","","","",""
"Deploy","","","","","","","","","","","","","","","","","","",""
"","","","","","","","","","","","","","","","","","","",""
"","","","","","","","","","","","","","","","","","","",""
"","","","","","","","","","","","","","","","","","","",""
"","","","","","","","","","","","","","","","","","","",""
"","","","","","","","","","","","","","","","","","","",""
"","","","","","","","","","","","","","","","","","","",""
"","","","","","","","","","","","","","","","","","","",""
"","","","","","","","","","","","","","","","","","","",""
"","","","","","","","","","","","","","","","","","","",""
"","","","","","","","","","","","","","","","","","","",""
"","","","","","","","","","","","","","","","","","","",""
"","","","","","","","","","","","","","","","","","","",""
"","","","","","","","","","","","","","","","","","","",""
"","","","","","","","","","","","","","","","","","","",""
"","","","","","","","","","","","","","","","","","","",""
"","","","","","","","","","","","","","","","","","","",""
"","","","","","","","","","","","","","","","","","","",""
"","","","","","","","","","","","","","","","","","","",""
"","","","","","","","","","","","","","","","","","","",""
"","","","","","","","","","","","","","","","","","","",""
"","","","","","","","","","","","","","","","","","","",""
"","","","","","","","","","","","","","","","","","","",""
"","","","","","","","","","","","","","","","","","","",""
"","","","","","","","","","","","","","","","","","","",""
"","","","","","","","","","","","","","","","","","","",""
"","","","","","","","","","","","","","","","","","","",""
"","","","","","","","","","","","","","","","","","","",""
"","","","","","","","","","","","","","","","","","","",""
"","","","","","","","","","","","","","","","","","","",""
"","","","","","","","","","","","","","","","","","","",""
"","","","","","","","","","","","","","","","","","","",""
"","","","","","","","","","","","","","","","","","","",""
"","","","","","","","","","","","","","","","","","","",""
"","","","","","","","","","","","","","","","","","","",""
"","","","","","","","","","","","","","","","","","","",""
"","","","","","","","","","","","","","","","","","","",""
"","","","","","","","","","","","","","","","","","","",""
"","","","","","","","","","","","","","","","","","","",""
"","","","","","","","","","","","","","","","","","","",""
"","","","","","","","","","","","","","","","","","","",""
"","","","","","","","","","","","","","","","","","","",""
"","","","","","","","","","","","","","","","","","","",""
"","","","","","","","","","","","","","","","","","","",""
"","","","","","","","","","","","","","","","","","","",""
"","","","","","","","","","","","","","","","","","","",""
"","","","","","","","","","","","","","","","","","","",""
"","","","","","","","","","","","","","","","","","","",""
"","","","","","","","","","","","","","","","","","","",""
"","","","","","","","","","","","","","","","","","","",""
"","","","","","","","","","","","","","","","","","","",""
"","","","","","","","","","","","","","","","","","","",""
"","","","","","","","","","","","","","","","","","","",""
"","","","","","","","","","","","","","","","","","","",""
"","","","","","","","","","","","","","","","","","","",""
"","","","","","","","","","","","","","","","","","","",""
"","","","","","","","","","","","","","","","","","","",""
"","","","","","","","","","","","","","","","","","","",""
"","","","","","","","","","","","","","","","","","","",""
"","","","","","","","","","","","","","","","","","","",""
"","","","","","","","","","","","","","","","","","","",""
"","","","","","","","","","","","","","","","","","","",""
"","","","","","","","","","","","","","","","","","","",""
"","","","","","","","","","","","","","","","","","","",""
"","","","","","","","","","","","","","","","","","","",""
"","","","","","","","","","","","","","","","","","","",""
"","","","","","","","","","","","","","","","","","","",""
"","","","","","","","","","","","","","","","","","","",""
"","","","","","","","","","","","","","","","","","","",""
"","","","","","","","","","","","","","","","","","","",""
"","","","","","","","","","","","","","","","","","","",""
"","","","","","","","","","","","","","","","","","","",""
"","","","","","","","","","","","","","","","","","","",""
"","","","","","","","","","","","","","","","","","","",""
"","","","","","","","","","","","","","","","","","","",""
"","","","","","","","","","","","","","","","","","","",""
"","","","","","","","","","","","","","","","","","","",""
"","","","","","","","","","","","","","","","","","","",""
"","","","","","","","","","","","","","","","","","","",""
"","","","","","","","","","","","","","","","","","","",""
"","","","","","","","","","","","","","","","","","","",""
"","","","","","","","","","","","","","","","","","","",""
"","","","","","","","","","","","","","","","","","","",""
"","","","","","","","","","","","","","","","","","","",""
"","","","","","","","","","","","","","","","","","","",""
"","","","","","","","","","","","","","","","","","","",""
"","","","","","","","","","","","","","","","","","","",""
"","","","","","","","","","","","","","","","","","","",""
"","","","","","","","","","","","","","","","","","","",""
"","","","","","","","","","","","","","","","","","","",""
"","","","","","","","","","","","","","","","","","","",""
"","","","","","","","","","","","","","","","","","","",""
"","","","","","","","","","","","","","","","","","","",""
"","","","","","","","","","","","","","","","","","","",""
"","","","","","","","","","","","","","","","","","","",""
"","","","","","","","","","","","","","","","","","","",""
"","","","","","","","","","","","","","","","","","","",""
"","","","","","","","","","","","","","","","","","","",""
"","","","","","","","","","","","","","","","","","","",""
"","","","","","","","","","","","","","","","","","","",""
"","","","","","","","","","","","","","","","","","","",""
"","","","","","","","","","","","","","","","","","","",""
"","","","","","","","","","","","","","","","","","","",""
"","","","","","","","","","","","","","","","","","","",""
"","","","","","","","","","","","","","","","","","","",""
"","","","","","","","","","","","","","","","","","","",""
"","","","","","","","","","","","","","","","","","","",""
"","","","","","","","","","","","","","","","","","","",""
"","","","","","","","","","","","","","","","","","","",""
"","","","","","","","","","","","","","","","","","","",""
"","","","","","","","","","","","","","","","","","","",""
"","","","","","","","","","","","","","","","","","","",""
"","","","","","","","","","","","","","","","","","","",""
"","","","","","","","","","","","","","","","","","","",""
"","","","","","","","","","","","","","","","","","","",""
"","","","","","","","","","","","","","","","","","","",""
"","","","","","","","","","","","","","","","","","","",""
"","","","","","","","","","","","","","","","","","","",""
"","","","","","","","","","","","","","","","","","","",""
"","","","","","","","","","","","","","","","","","","",""
"","","","","","","","","","","","","","","","","","","",""
"","","","","","","","","","","","","","","","","","","",""
"","","","","","","","","","","","","","","","","","","",""
"","","","","","","","","","","","","","","","","","","",""
"","","","","","","","","","","","","","","","","","","",""
"","","","","","","","","","","","","","","","","","","",""
"","","","","","","","","","","","","","","","","","","",""
"","","","","","","","","","","","","","","","","","","",""
"","","","","","","","","","","","","","","","","","","",""
"","","","","","","","","","","","","","","","","","","",""
"","","","","","","","","","","","","","","","","","","",""
"","","","","","","","","","","","","","","","","","","",""
"","","","","","","","","","","","","","","","","","","",""
"","","","","","","","","","","","","","","","","","","",""
"","","","","","","","","","","","","","","","","","","",""
"","","","","","","","","","","","","","","","","","","",""
"","","","","","","","","","","","","","","","","","","",""
"","","","","","","","","","","","","","","","","","","",""
"","","","","","","","","","","","","","","","","","","",""
"","","","","","","","","","","","","","","","","","","",""
"","","","","","","","","","","","","","","","","","","",""
"","","","","","","","","","","","","","","","","","","",""
"","","","","","","","","","","","","","","","","","","",""
"","","","","","","","","","","","","","","","","","","",""
"","","","","","","","","","","","","","","","","","","",""
"","","","","","","","","","","","","","","","","","","",""
"","","","","","","","","","","","","","","","","","","",""
"","","","","","","","","","","","","","","","","","","",""
"","","","","","","","","","","","","","","","","","","",""
"","","","","","","","","","","","","","","","","","","",""
"","","","","","","","","","","","","","","","","","","",""
"","","","","","","","","","","","","","","","","","","",""
"","","","","","","","","","","","","","","","","","","",""
"","","","","","","","","","","","","","","","","","","",""
"","","","","","","","","","","","","","","","","","","",""
"","","","","","","","","","","","","","","","","","","",""
"","","","","","","","","","","","","","","","","","","",""
"","","","","","","","","","","","","","","","","","","",""
"","","","","","","","","","","","","","","","","","","",""
"","","","","","","","","","","","","","","","","","","",""
"","","","","","","","","","","","","","","","","","","",""
"","","","","","","","","","","","","","","","","","","",""
